Index,Direction,Timesteamp,ID,Format,Type,Length,Data,
0,Receive,17:41:48.546.0,0x00000001,Extend,Data,0x08,54 58 01 02 03 04 05 06 ,
1,Receive,17:41:49.481.0,0x00000001,Extend,Data,0x08,54 58 01 02 03 04 05 06 ,
2,Receive,17:41:50.416.0,0x00000001,Extend,Data,0x08,54 58 01 02 03 04 05 06 ,
3,Receive,17:41:51.357.0,0x00000001,Extend,Data,0x08,54 58 01 02 03 04 05 06 ,
4,Receive,17:41:52.289.0,0x00000001,Extend,Data,0x08,54 58 01 02 03 04 05 06 ,
5,Receive,17:41:53.230.0,0x00000001,Extend,Data,0x08,54 58 01 02 03 04 05 06 ,
6,Receive,17:41:54.173.0,0x00000001,Extend,Data,0x08,54 58 01 02 03 04 05 06 ,
7,Receive,17:41:55.107.0,0x00000001,Extend,Data,0x08,54 58 01 02 03 04 05 06 ,
8,Receive,17:41:56.042.0,0x00000001,Extend,Data,0x08,54 58 01 02 03 04 05 06 ,
9,Receive,17:41:56.976.0,0x00000001,Extend,Data,0x08,54 58 01 02 03 04 05 06 ,
10,Receive,17:41:57.915.0,0x00000001,Extend,Data,0x08,54 58 01 02 03 04 05 06 ,
11,Receive,17:41:58.853.0,0x00000001,Extend,Data,0x08,54 58 01 02 03 04 05 06 ,
12,Receive,17:41:59.798.0,0x00000001,Extend,Data,0x08,54 58 01 02 03 04 05 06 ,
13,Receive,17:42:00.735.0,0x00000001,Extend,Data,0x08,54 58 01 02 03 04 05 06 ,
14,Receive,17:42:01.671.0,0x00000001,Extend,Data,0x08,54 58 01 02 03 04 05 06 ,
15,Receive,17:42:02.609.0,0x00000001,Extend,Data,0x08,54 58 01 02 03 04 05 06 ,
16,Receive,17:42:03.542.0,0x00000001,Extend,Data,0x08,54 58 01 02 03 04 05 06 ,
17,Receive,17:42:04.486.0,0x00000001,Extend,Data,0x08,54 58 01 02 03 04 05 06 ,
18,Receive,17:42:05.422.0,0x00000001,Extend,Data,0x08,54 58 01 02 03 04 05 06 ,
19,Receive,17:42:06.358.0,0x00000001,Extend,Data,0x08,54 58 01 02 03 04 05 06 ,
20,Receive,17:42:07.295.0,0x00000001,Extend,Data,0x08,54 58 01 02 03 04 05 06 ,
21,Receive,17:42:08.232.0,0x00000001,Extend,Data,0x08,54 58 01 02 03 04 05 06 ,
22,Receive,17:42:09.168.0,0x00000001,Extend,Data,0x08,54 58 01 02 03 04 05 06 ,
23,Receive,17:42:10.105.0,0x00000001,Extend,Data,0x08,54 58 01 02 03 04 05 06 ,
24,Receive,17:42:11.043.0,0x00000001,Extend,Data,0x08,54 58 01 02 03 04 05 06 ,
25,Receive,17:42:11.979.0,0x00000001,Extend,Data,0x08,54 58 01 02 03 04 05 06 ,
26,Receive,17:42:12.921.0,0x00000001,Extend,Data,0x08,54 58 01 02 03 04 05 06 ,
27,Receive,17:42:13.858.0,0x00000001,Extend,Data,0x08,54 58 01 02 03 04 05 06 ,
28,Receive,17:42:14.796.0,0x00000001,Extend,Data,0x08,54 58 01 02 03 04 05 06 ,
29,Receive,17:42:15.731.0,0x00000001,Extend,Data,0x08,54 58 01 02 03 04 05 06 ,
30,Receive,17:42:16.666.0,0x00000001,Extend,Data,0x08,54 58 01 02 03 04 05 06 ,
31,Receive,17:42:17.602.0,0x00000001,Extend,Data,0x08,54 58 01 02 03 04 05 06 ,
32,Receive,17:42:18.549.0,0x00000001,Extend,Data,0x08,54 58 01 02 03 04 05 06 ,
33,Receive,17:42:19.486.0,0x00000001,Extend,Data,0x08,54 58 01 02 03 04 05 06 ,
34,Receive,17:42:20.420.0,0x00000001,Extend,Data,0x08,54 58 01 02 03 04 05 06 ,
35,Receive,17:42:21.362.0,0x00000001,Extend,Data,0x08,54 58 01 02 03 04 05 06 ,
36,Receive,17:42:22.291.0,0x00000001,Extend,Data,0x08,54 58 01 02 03 04 05 06 ,
37,Receive,17:42:23.237.0,0x00000001,Extend,Data,0x08,54 58 01 02 03 04 05 06 ,
38,Receive,17:42:24.174.0,0x00000001,Extend,Data,0x08,54 58 01 02 03 04 05 06 ,
39,Receive,17:42:25.108.0,0x00000001,Extend,Data,0x08,54 58 01 02 03 04 05 06 ,
40,Receive,17:42:26.041.0,0x00000001,Extend,Data,0x08,54 58 01 02 03 04 05 06 ,
41,Receive,17:42:26.983.0,0x00000001,Extend,Data,0x08,54 58 01 02 03 04 05 06 ,
42,Receive,17:42:27.923.0,0x00000001,Extend,Data,0x08,54 58 01 02 03 04 05 06 ,
43,Receive,17:42:28.856.0,0x00000001,Extend,Data,0x08,54 58 01 02 03 04 05 06 ,
44,Receive,17:42:29.793.0,0x00000001,Extend,Data,0x08,54 58 01 02 03 04 05 06 ,
45,Receive,17:42:30.728.0,0x00000001,Extend,Data,0x08,54 58 01 02 03 04 05 06 ,
46,Receive,17:42:31.670.0,0x00000001,Extend,Data,0x08,54 58 01 02 03 04 05 06 ,
47,Receive,17:42:32.604.0,0x00000001,Extend,Data,0x08,54 58 01 02 03 04 05 06 ,
48,Receive,17:42:33.545.0,0x00000001,Extend,Data,0x08,54 58 01 02 03 04 05 06 ,
49,Receive,17:42:34.486.0,0x00000001,Extend,Data,0x08,54 58 01 02 03 04 05 06 ,
50,Receive,17:42:35.421.0,0x00000001,Extend,Data,0x08,54 58 01 02 03 04 05 06 ,
51,Receive,17:42:36.356.0,0x00000001,Extend,Data,0x08,54 58 01 02 03 04 05 06 ,
52,Receive,17:42:37.300.0,0x00000001,Extend,Data,0x08,54 58 01 02 03 04 05 06 ,
53,Receive,17:42:38.237.0,0x00000001,Extend,Data,0x08,54 58 01 02 03 04 05 06 ,
54,Receive,17:42:39.173.0,0x00000001,Extend,Data,0x08,54 58 01 02 03 04 05 06 ,
55,Receive,17:42:40.107.0,0x00000001,Extend,Data,0x08,54 58 01 02 03 04 05 06 ,
56,Receive,17:42:41.041.0,0x00000001,Extend,Data,0x08,54 58 01 02 03 04 05 06 ,
57,Receive,17:42:41.985.0,0x00000001,Extend,Data,0x08,54 58 01 02 03 04 05 06 ,
58,Receive,17:42:42.921.0,0x00000001,Extend,Data,0x08,54 58 01 02 03 04 05 06 ,
59,Receive,17:42:43.857.0,0x00000001,Extend,Data,0x08,54 58 01 02 03 04 05 06 ,
60,Receive,17:42:44.803.0,0x00000001,Extend,Data,0x08,54 58 01 02 03 04 05 06 ,
61,Receive,17:42:45.739.0,0x00000001,Extend,Data,0x08,54 58 01 02 03 04 05 06 ,
62,Receive,17:42:46.673.0,0x00000001,Extend,Data,0x08,54 58 01 02 03 04 05 06 ,
63,Receive,17:42:47.607.0,0x00000001,Extend,Data,0x08,54 58 01 02 03 04 05 06 ,
64,Receive,17:42:48.563.0,0x00000001,Extend,Data,0x08,54 58 01 02 03 04 05 06 ,
65,Receive,17:42:49.482.0,0x00000001,Extend,Data,0x08,54 58 01 02 03 04 05 06 ,
66,Receive,17:42:50.419.0,0x00000001,Extend,Data,0x08,54 58 01 02 03 04 05 06 ,
67,Receive,17:42:51.367.0,0x00000001,Extend,Data,0x08,54 58 01 02 03 04 05 06 ,
68,Receive,17:42:52.303.0,0x00000001,Extend,Data,0x08,54 58 01 02 03 04 05 06 ,
69,Receive,17:42:53.236.0,0x00000001,Extend,Data,0x08,54 58 01 02 03 04 05 06 ,
70,Receive,17:42:54.181.0,0x00000001,Extend,Data,0x08,54 58 01 02 03 04 05 06 ,
71,Receive,17:42:55.111.0,0x00000001,Extend,Data,0x08,54 58 01 02 03 04 05 06 ,
72,Receive,17:42:56.052.0,0x00000001,Extend,Data,0x08,54 58 01 02 03 04 05 06 ,
73,Receive,17:42:56.981.0,0x00000001,Extend,Data,0x08,54 58 01 02 03 04 05 06 ,
74,Receive,17:42:57.926.0,0x00000001,Extend,Data,0x08,54 58 01 02 03 04 05 06 ,
75,Receive,17:42:58.860.0,0x00000001,Extend,Data,0x08,54 58 01 02 03 04 05 06 ,
76,Receive,17:42:59.794.0,0x00000001,Extend,Data,0x08,54 58 01 02 03 04 05 06 ,
77,Receive,17:43:00.736.0,0x00000001,Extend,Data,0x08,54 58 01 02 03 04 05 06 ,
78,Receive,17:43:01.673.0,0x00000001,Extend,Data,0x08,54 58 01 02 03 04 05 06 ,
79,Receive,17:43:02.612.0,0x00000001,Extend,Data,0x08,54 58 01 02 03 04 05 06 ,
80,Receive,17:43:03.544.0,0x00000001,Extend,Data,0x08,54 58 01 02 03 04 05 06 ,
81,Receive,17:43:04.485.0,0x00000001,Extend,Data,0x08,54 58 01 02 03 04 05 06 ,
82,Receive,17:43:05.423.0,0x00000001,Extend,Data,0x08,54 58 01 02 03 04 05 06 ,
83,Receive,17:43:06.359.0,0x00000001,Extend,Data,0x08,54 58 01 02 03 04 05 06 ,
84,Receive,17:43:07.292.0,0x00000001,Extend,Data,0x08,54 58 01 02 03 04 05 06 ,
85,Receive,17:43:08.231.0,0x00000001,Extend,Data,0x08,54 58 01 02 03 04 05 06 ,
86,Receive,17:43:09.177.0,0x00000001,Extend,Data,0x08,54 58 01 02 03 04 05 06 ,
87,Receive,17:43:10.123.0,0x00000001,Extend,Data,0x08,54 58 01 02 03 04 05 06 ,
88,Receive,17:43:11.043.0,0x00000001,Extend,Data,0x08,54 58 01 02 03 04 05 06 ,
89,Receive,17:43:11.988.0,0x00000001,Extend,Data,0x08,54 58 01 02 03 04 05 06 ,
90,Receive,17:43:12.924.0,0x00000001,Extend,Data,0x08,54 58 01 02 03 04 05 06 ,
91,Receive,17:43:13.859.0,0x00000001,Extend,Data,0x08,54 58 01 02 03 04 05 06 ,
92,Receive,17:43:14.794.0,0x00000001,Extend,Data,0x08,54 58 01 02 03 04 05 06 ,
93,Receive,17:43:15.730.0,0x00000001,Extend,Data,0x08,54 58 01 02 03 04 05 06 ,
94,Receive,17:43:16.674.0,0x00000001,Extend,Data,0x08,54 58 01 02 03 04 05 06 ,
95,Receive,17:43:17.607.0,0x00000001,Extend,Data,0x08,54 58 01 02 03 04 05 06 ,
96,Receive,17:43:18.551.0,0x00000001,Extend,Data,0x08,54 58 01 02 03 04 05 06 ,
97,Receive,17:43:19.487.0,0x00000001,Extend,Data,0x08,54 58 01 02 03 04 05 06 ,
98,Receive,17:43:20.422.0,0x00000001,Extend,Data,0x08,54 58 01 02 03 04 05 06 ,
99,Receive,17:43:21.365.0,0x00000001,Extend,Data,0x08,54 58 01 02 03 04 05 06 ,
100,Receive,17:43:22.300.0,0x00000001,Extend,Data,0x08,54 58 01 02 03 04 05 06 ,
101,Receive,17:43:23.234.0,0x00000001,Extend,Data,0x08,54 58 01 02 03 04 05 06 ,
102,Receive,17:43:24.168.0,0x00000001,Extend,Data,0x08,54 58 01 02 03 04 05 06 ,
103,Receive,17:43:25.113.0,0x00000001,Extend,Data,0x08,54 58 01 02 03 04 05 06 ,
104,Receive,17:43:26.050.0,0x00000001,Extend,Data,0x08,54 58 01 02 03 04 05 06 ,
105,Receive,17:43:26.987.0,0x00000001,Extend,Data,0x08,54 58 01 02 03 04 05 06 ,
106,Receive,17:43:27.928.0,0x00000001,Extend,Data,0x08,54 58 01 02 03 04 05 06 ,
107,Receive,17:43:28.860.0,0x00000001,Extend,Data,0x08,54 58 01 02 03 04 05 06 ,
108,Receive,17:43:29.796.0,0x00000001,Extend,Data,0x08,54 58 01 02 03 04 05 06 ,
109,Receive,17:43:30.731.0,0x00000001,Extend,Data,0x08,54 58 01 02 03 04 05 06 ,
110,Receive,17:43:31.671.0,0x00000001,Extend,Data,0x08,54 58 01 02 03 04 05 06 ,
111,Receive,17:43:32.611.0,0x00000001,Extend,Data,0x08,54 58 01 02 03 04 05 06 ,
112,Receive,17:43:33.548.0,0x00000001,Extend,Data,0x08,54 58 01 02 03 04 05 06 ,
113,Receive,17:43:34.484.0,0x00000001,Extend,Data,0x08,54 58 01 02 03 04 05 06 ,
114,Receive,17:43:35.422.0,0x00000001,Extend,Data,0x08,54 58 01 02 03 04 05 06 ,
115,Receive,17:43:36.360.0,0x00000001,Extend,Data,0x08,54 58 01 02 03 04 05 06 ,
116,Receive,17:43:37.296.0,0x00000001,Extend,Data,0x08,54 58 01 02 03 04 05 06 ,
117,Receive,17:43:38.235.0,0x00000001,Extend,Data,0x08,54 58 01 02 03 04 05 06 ,
118,Receive,17:43:39.169.0,0x00000001,Extend,Data,0x08,54 58 01 02 03 04 05 06 ,
119,Receive,17:43:40.108.0,0x00000001,Extend,Data,0x08,54 58 01 02 03 04 05 06 ,
